Time,Latitude,Longitude,Course,feet
Tue 03:30:33 PM,43.6822,-79.5929,↗ 45°,800
Tue 03:30:49 PM,43.6905,-79.5816,↗ 44°,"1,275"
Tue 03:31:05 PM,43.6996,-79.57,↗ 42°,"1,725"
Tue 03:31:21 PM,43.7075,-79.5602,↗ 42°,"2,025"
Tue 03:31:37 PM,43.7166,-79.5491,↗ 41°,"2,450"
Tue 03:31:53 PM,43.7261,-79.5377,↗ 41°,"2,800"
Tue 03:32:09 PM,43.7352,-79.5267,↗ 41°,"3,175"
Tue 03:32:25 PM,43.7447,-79.5151,↗ 41°,"3,475"
Tue 03:32:41 PM,43.7542,-79.5024,↗ 54°,"3,650"
Tue 03:32:57 PM,43.7581,-79.4856,→ 89°,"3,725"
Tue 03:33:13 PM,43.7566,-79.4654,→ 99°,"3,900"
Tue 03:33:29 PM,43.753,-79.4433,→ 105°,"4,150"
Tue 03:33:45 PM,43.7477,-79.4174,→ 104°,"4,400"
Tue 03:34:01 PM,43.7468,-79.392,→ 82°,"4,575"
Tue 03:34:17 PM,43.7509,-79.3668,→ 76°,"4,800"
Tue 03:34:47 PM,43.7603,-79.3161,→ 76°,"5,275"
Tue 03:35:17 PM,43.7699,-79.2654,→ 75°,"5,750"
Tue 03:35:47 PM,43.7793,-79.2165,→ 75°,"6,275"
Tue 03:36:17 PM,43.7887,-79.1669,→ 76°,"6,775"
Tue 03:36:47 PM,43.7979,-79.1172,→ 76°,"6,950"
Tue 03:37:17 PM,43.8076,-79.0646,→ 76°,"6,950"
Tue 03:37:47 PM,43.8164,-79.0135,→ 77°,"7,900"
Tue 03:38:17 PM,43.8251,-78.9619,→ 77°,"9,175"
Tue 03:39:03 PM,43.8389,-78.8803,→ 77°,"10,400"
Tue 03:39:33 PM,43.8492,-78.8201,→ 77°,"10,825"
Tue 03:40:03 PM,43.8599,-78.7579,→ 77°,"11,675"
Tue 03:40:33 PM,43.8715,-78.6896,→ 77°,"12,900"
Tue 03:41:03 PM,43.8826,-78.6249,→ 77°,"14,075"
Tue 03:41:33 PM,43.8936,-78.5596,→ 77°,"15,025"
Tue 03:42:03 PM,43.9055,-78.4886,→ 77°,"16,150"
Tue 03:42:33 PM,43.917,-78.4205,→ 77°,"17,150"
Tue 03:43:03 PM,43.929,-78.348,→ 77°,"18,000"
Tue 03:43:33 PM,43.9412,-78.2755,→ 77°,"18,900"
Tue 03:44:03 PM,43.9535,-78.2004,→ 77°,"19,850"
Tue 03:44:33 PM,43.9662,-78.124,→ 77°,"20,525"
Tue 03:45:03 PM,43.9789,-78.047,→ 77°,"21,325"
Tue 03:45:34 PM,43.9925,-77.9636,→ 77°,"22,150"
Tue 03:46:04 PM,44.0052,-77.8853,→ 77°,"22,950"
Tue 03:46:34 PM,44.0186,-77.8024,→ 77°,"23,650"
Tue 03:46:52 PM,44.0271,-77.7541,→ 73°,"24,075"
Tue 03:47:11 PM,44.0429,-77.7009,↗ 64°,"24,550"
Tue 03:47:48 PM,44.077,-77.6078,↗ 63°,"25,225"
Tue 03:48:18 PM,44.1052,-77.5317,↗ 63°,"25,500"
Tue 03:48:48 PM,44.1358,-77.449,↗ 63°,"25,825"
Tue 03:49:18 PM,44.1667,-77.3654,↗ 63°,"26,475"
Tue 03:49:48 PM,44.1967,-77.2827,↗ 63°,"26,975"
Tue 03:50:18 PM,44.2276,-77.1971,↗ 63°,"27,525"
Tue 03:50:48 PM,44.2597,-77.1094,↗ 63°,"28,050"
Tue 03:51:18 PM,44.2913,-77.0229,↗ 63°,"28,600"
Tue 03:51:48 PM,44.3222,-76.9382,↗ 63°,"29,050"
Tue 03:52:05 PM,44.3423,-76.8821,↗ 65°,"29,375"
Tue 03:52:45 PM,44.3757,-76.7597,→ 69°,"29,800"
Tue 03:53:15 PM,44.4004,-76.6697,→ 69°,"30,175"
Tue 03:53:45 PM,44.4277,-76.5706,→ 69°,"30,800"
Tue 03:54:15 PM,44.4542,-76.4736,→ 69°,"31,500"
Tue 03:54:45 PM,44.4794,-76.3806,→ 69°,"32,050"
Tue 03:55:15 PM,44.5051,-76.2854,→ 69°,"32,750"
Tue 03:55:45 PM,44.5301,-76.1925,→ 69°,"33,425"
Tue 03:56:15 PM,44.5567,-76.0939,→ 70°,"33,975"
Tue 03:56:45 PM,44.5818,-76.0001,→ 69°,"34,550"
Tue 03:57:15 PM,44.6056,-75.911,→ 70°,"34,900"
Tue 03:57:45 PM,44.6309,-75.8158,→ 70°,"35,200"
Tue 03:58:15 PM,44.656,-75.7208,→ 70°,"35,600"
Tue 03:58:45 PM,44.6812,-75.6252,→ 70°,"35,975"
Tue 03:59:15 PM,44.7057,-75.5319,→ 70°,"36,225"
Tue 03:59:45 PM,44.7298,-75.4397,→ 70°,"36,675"
Tue 04:00:15 PM,44.7547,-75.3438,→ 70°,"36,900"
Tue 04:00:45 PM,44.7787,-75.2514,→ 70°,"37,000"
Tue 04:01:15 PM,44.8032,-75.1568,→ 70°,"37,000"
Tue 04:01:45 PM,44.8297,-75.0537,→ 70°,"37,000"
Tue 04:02:15 PM,44.8544,-74.9568,→ 70°,"37,000"
Tue 04:02:45 PM,44.8789,-74.8611,→ 70°,"37,000"
Tue 04:03:15 PM,44.9031,-74.7658,→ 70°,"37,000"
Tue 04:03:45 PM,44.9282,-74.665,→ 72°,"37,000"
Tue 04:04:16 PM,44.9494,-74.5654,→ 74°,"37,000"
Tue 04:04:46 PM,44.9707,-74.4632,→ 73°,"37,000"
Tue 04:05:16 PM,44.9917,-74.3651,→ 73°,"37,025"
Tue 04:05:46 PM,45.0121,-74.2643,→ 76°,"37,000"
Tue 04:06:16 PM,45.03,-74.1631,→ 76°,"37,000"
Tue 04:06:46 PM,45.0485,-74.0607,→ 76°,"37,000"
Tue 04:07:16 PM,45.0662,-73.9608,→ 78°,"37,000"
Tue 04:07:38 PM,45.0754,-73.8864,→ 83°,"37,000"
Tue 04:08:21 PM,45.0833,-73.7341,→ 87°,"37,000"
Tue 04:08:51 PM,45.0875,-73.6266,→ 87°,"37,000"
Tue 04:09:21 PM,45.0919,-73.52,→ 87°,"37,000"
Tue 04:09:51 PM,45.0954,-73.4188,→ 87°,"37,000"
Tue 04:10:21 PM,45.0989,-73.3092,→ 87°,"37,000"
Tue 04:10:51 PM,45.1024,-73.2017,→ 87°,"37,000"
Tue 04:11:21 PM,45.1057,-73.0964,→ 88°,"37,000"
Tue 04:11:51 PM,45.109,-72.9881,→ 88°,"37,000"
Tue 04:12:22 PM,45.1121,-72.8814,→ 88°,"37,000"
Tue 04:12:52 PM,45.1153,-72.7727,→ 88°,"37,000"
Tue 04:13:23 PM,45.1185,-72.6559,→ 88°,"37,000"
Tue 04:13:53 PM,45.1212,-72.5554,→ 88°,"37,000"
Tue 04:14:23 PM,45.124,-72.4456,→ 88°,"37,000"
Tue 04:14:54 PM,45.1267,-72.3388,→ 88°,"37,000"
Tue 04:15:24 PM,45.1293,-72.2295,→ 88°,"37,000"
Tue 04:15:54 PM,45.1318,-72.1199,→ 88°,"37,000"
Tue 04:16:24 PM,45.1342,-72.0138,→ 88°,"37,000"
Tue 04:16:54 PM,45.1365,-71.9023,→ 88°,"37,000"
Tue 04:17:24 PM,45.1387,-71.7958,→ 89°,"37,000"
Tue 04:17:54 PM,45.1406,-71.6874,→ 89°,"37,000"
Tue 04:18:20 PM,45.1384,-71.5907,→ 94°,"37,000"
Tue 04:18:49 PM,45.1295,-71.488,→ 100°,"37,000"
Tue 04:19:20 PM,45.114,-71.3779,→ 101°,"37,000"
Tue 04:19:50 PM,45.0993,-71.2705,→ 101°,"37,000"
Tue 04:20:20 PM,45.0844,-71.1619,→ 101°,"37,000"
Tue 04:20:50 PM,45.0698,-71.0581,→ 101°,"37,000"
Tue 04:21:20 PM,45.0547,-70.952,→ 101°,"37,000"
Tue 04:21:50 PM,45.0398,-70.8483,→ 102°,"37,000"
Tue 04:22:20 PM,45.0239,-70.7371,→ 102°,"37,000"
Tue 04:22:50 PM,45.0083,-70.6306,→ 102°,"37,000"
Tue 04:23:20 PM,44.9928,-70.5237,→ 102°,"37,000"
Tue 04:23:50 PM,44.9773,-70.4188,→ 102°,"37,000"
Tue 04:24:20 PM,44.9613,-70.3104,→ 102°,"37,000"
Tue 04:24:50 PM,44.9457,-70.2055,→ 102°,"37,000"
Tue 04:25:20 PM,44.9298,-70.0998,→ 102°,"37,000"
Tue 04:25:50 PM,44.9136,-69.9929,→ 102°,"37,000"
Tue 04:26:20 PM,44.8968,-69.8823,→ 102°,"37,000"
Tue 04:26:50 PM,44.8809,-69.7789,→ 102°,"37,000"
Tue 04:27:21 PM,44.8641,-69.6695,→ 102°,"37,000"
Tue 04:27:51 PM,44.8476,-69.5633,→ 102°,"37,000"
Tue 04:28:21 PM,44.8302,-69.4519,→ 103°,"37,000"
Tue 04:28:51 PM,44.813,-69.3431,→ 103°,"37,000"
Tue 04:29:21 PM,44.7965,-69.2385,→ 103°,"37,000"
Tue 04:29:51 PM,44.779,-69.1292,→ 103°,"37,000"
Tue 04:30:21 PM,44.762,-69.0229,→ 103°,"37,000"
Tue 04:30:51 PM,44.7451,-68.9182,→ 103°,"37,000"
Tue 04:31:21 PM,44.7275,-68.8098,→ 103°,"37,000"
Tue 04:31:51 PM,44.71,-68.703,→ 103°,"37,000"
Tue 04:32:21 PM,44.6921,-68.5938,→ 103°,"37,000"
Tue 04:32:51 PM,44.6743,-68.4867,→ 103°,"37,000"
Tue 04:33:22 PM,44.6562,-68.3785,→ 103°,"37,000"
Tue 04:33:52 PM,44.6376,-68.2672,→ 103°,"37,000"
Tue 04:34:22 PM,44.6195,-68.1604,→ 103°,"37,000"
Tue 04:34:52 PM,44.6013,-68.0525,→ 104°,"37,000"
Tue 04:35:23 PM,44.5819,-67.9392,→ 104°,"37,000"
Tue 04:35:53 PM,44.5639,-67.8348,→ 104°,"37,000"
Tue 04:36:23 PM,44.5451,-67.7262,→ 104°,"37,000"
Tue 04:36:53 PM,44.5267,-67.6206,→ 104°,"37,000"
Tue 04:37:23 PM,44.5078,-67.5125,→ 104°,"37,000"
Tue 04:37:53 PM,44.4885,-67.4028,→ 104°,"37,000"
Tue 04:38:23 PM,44.469,-67.293,→ 104°,"37,000"
Tue 04:38:53 PM,44.4498,-67.1855,→ 104°,"37,000"
Tue 04:39:23 PM,44.4303,-67.0763,→ 104°,"37,000"
Tue 04:39:54 PM,44.4102,-66.9656,→ 104°,"37,000"
Tue 04:40:24 PM,44.3915,-66.8551,→ 103°,"37,000"
Tue 04:40:54 PM,44.3737,-66.747,→ 103°,"37,000"
Tue 04:41:24 PM,44.3556,-66.6402,→ 103°,"37,000"
Tue 04:41:54 PM,44.3364,-66.5284,→ 104°,"37,000"
Tue 04:42:24 PM,44.3181,-66.4223,→ 104°,"37,000"
Tue 04:42:54 PM,44.2993,-66.3138,→ 104°,"37,000"
Tue 04:43:24 PM,44.2804,-66.2056,→ 104°,"37,000"
Tue 04:43:54 PM,44.2615,-66.0982,→ 104°,"37,000"
Tue 04:44:24 PM,44.2417,-65.9862,→ 104°,"37,000"
Tue 04:44:54 PM,44.2225,-65.8782,→ 104°,"37,000"
Tue 04:45:24 PM,44.2036,-65.7728,→ 104°,"37,000"
Tue 04:45:54 PM,44.1833,-65.66,→ 104°,"37,000"
Tue 04:46:24 PM,44.1639,-65.5529,→ 104°,"37,000"
Tue 04:46:54 PM,44.1443,-65.4452,→ 104°,"37,000"
Tue 04:47:24 PM,44.1245,-65.3368,→ 104°,"37,000"
Tue 04:47:55 PM,44.1028,-65.2191,→ 104°,"37,000"
Tue 04:48:25 PM,44.0843,-65.1194,→ 105°,"37,000"
Tue 04:48:57 PM,44.0614,-64.9967,→ 105°,"37,000"
Tue 04:49:28 PM,44.0412,-64.889,→ 105°,"37,000"
Tue 04:49:58 PM,44.0211,-64.7825,→ 105°,"37,000"
Tue 04:50:29 PM,43.9992,-64.6672,→ 105°,"37,000"
Tue 04:50:59 PM,43.9786,-64.5598,→ 105°,"37,000"
Tue 04:51:30 PM,43.9562,-64.4432,→ 105°,"37,000"
Tue 04:52:00 PM,43.9357,-64.3367,→ 105°,"37,000"
Tue 04:52:31 PM,43.9143,-64.2266,→ 105°,"37,000"
Tue 04:53:01 PM,43.8925,-64.1148,→ 105°,"37,000"
Tue 04:53:32 PM,43.87,-64.0003,→ 105°,"37,000"
Tue 04:54:02 PM,43.8484,-63.8911,→ 105°,"37,000"
Tue 04:54:32 PM,43.8269,-63.7834,→ 105°,"37,000"
Tue 04:55:03 PM,43.8041,-63.6692,→ 105°,"37,000"
Tue 04:55:33 PM,43.7824,-63.5611,→ 106°,"37,000"
Tue 04:56:03 PM,43.7606,-63.4528,→ 106°,"37,000"
Tue 04:56:33 PM,43.7385,-63.344,→ 106°,"37,000"
Tue 04:57:03 PM,43.7162,-63.2347,→ 106°,"37,000"
Tue 04:57:34 PM,43.6936,-63.1251,→ 106°,"37,000"
Tue 04:58:08 PM,43.6677,-62.9996,→ 106°,"37,000"
Tue 04:58:38 PM,43.6452,-62.8913,→ 106°,"37,000"
Tue 04:59:08 PM,43.6226,-62.7827,→ 106°,"37,000"
Tue 04:59:38 PM,43.6,-62.6753,→ 106°,"37,000"
Tue 05:00:08 PM,43.577,-62.5668,→ 106°,"37,000"
Tue 05:00:38 PM,43.5537,-62.4567,→ 106°,"37,000"
Tue 05:01:08 PM,43.5311,-62.3505,→ 106°,"37,000"
Tue 05:01:38 PM,43.5081,-62.243,→ 106°,"37,000"
Tue 05:02:08 PM,43.4845,-62.1342,→ 107°,"37,000"
Tue 05:02:40 PM,43.4589,-62.016,→ 107°,"37,000"
Tue 05:03:11 PM,43.4351,-61.9065,→ 107°,"37,000"
Tue 05:03:41 PM,43.4116,-61.7993,→ 107°,"37,000"
Tue 05:04:13 PM,43.3842,-61.6747,→ 107°,"37,000"
Tue 05:04:45 PM,43.3596,-61.5635,→ 107°,"37,000"
Tue 05:05:24 PM,43.3279,-61.4214,→ 107°,"37,000"
Tue 05:05:54 PM,43.3034,-61.3123,→ 107°,"37,000"
Tue 05:06:24 PM,43.2791,-61.2041,→ 107°,"37,000"
Tue 05:06:54 PM,43.2542,-61.0941,→ 107°,"37,000"
Tue 05:07:24 PM,43.2292,-60.9842,→ 107°,"37,000"
Tue 05:07:54 PM,43.2044,-60.8758,→ 108°,"37,000"
Tue 05:08:24 PM,43.1793,-60.7662,→ 108°,"37,000"
Tue 05:08:54 PM,43.1541,-60.6569,→ 108°,"37,000"
Tue 05:09:24 PM,43.1291,-60.5493,→ 108°,"37,000"
Tue 05:09:54 PM,43.1034,-60.439,→ 108°,"37,000"
Tue 05:10:24 PM,43.0781,-60.3309,→ 108°,"37,000"
Tue 05:10:54 PM,43.0528,-60.2232,→ 107°,"37,000"
Tue 05:11:24 PM,43.0322,-60.117,→ 101°,"37,000"
Tue 05:12:00 PM,43.0159,-59.982,→ 98°,"37,000"
Tue 05:12:45 PM,43.0091,-59.8151,→ 92°,"37,000"
Tue 05:13:26 PM,43.0141,-59.6646,→ 87°,"37,000"
Tue 05:14:26 PM,43,-59.4333,→ 87°,"37,000"
Tue 05:15:25 PM,43.0167,-59.2167,→ 84°,"37,000"
Tue 05:16:25 PM,43.0167,-59,→ 90°,"37,000"
Tue 05:17:25 PM,43.0167,-58.7667,→ 90°,"37,000"
Tue 05:18:25 PM,43.0333,-58.5667,→ 83°,"37,000"
Tue 05:19:26 PM,43.05,-58.3333,→ 84°,"37,000"
Tue 05:20:25 PM,43.05,-58.1,→ 90°,"37,000"
Tue 05:21:25 PM,43.05,-57.8833,→ 90°,"37,000"
Tue 05:22:25 PM,43.05,-57.6667,→ 90°,"37,000"
Tue 05:24:26 PM,43.05,-57.2167,→ 90°,"37,000"
Tue 05:25:26 PM,43.05,-57.0167,→ 90°,"37,000"
Tue 05:26:25 PM,43.0667,-56.7833,→ 84°,"37,000"
Tue 05:28:24 PM,43.0788,-56.3842,→ 87°,
Tue 05:35:23 PM,43.11,-54.9775,→ 90°,
Tue 05:37:17 PM,43.1092,-54.5946,→ 90°,
Tue 05:38:24 PM,43.1081,-54.3696,→ 90°,
Tue 05:40:24 PM,43.1051,-53.9666,→ 90°,
Tue 05:42:20 PM,43.1009,-53.577,→ 91°,
Tue 05:43:23 PM,43.098,-53.3655,→ 91°,
Tue 05:45:25 PM,43.0914,-52.9559,→ 91°,
Tue 05:46:25 PM,43.0876,-52.7546,→ 91°,
Tue 05:48:24 PM,43.079,-52.3552,→ 92°,
Tue 05:49:24 PM,43.0741,-52.1539,→ 92°,
Tue 05:50:24 PM,43.0689,-51.9526,→ 92°,
Tue 05:52:25 PM,43.0573,-51.5468,→ 92°,
Tue 05:54:07 PM,43.0465,-51.2049,→ 92°,
Tue 05:55:17 PM,43.0384,-50.9703,→ 93°,
Tue 05:56:21 PM,43.0306,-50.7558,→ 93°,
Tue 05:57:24 PM,43.0226,-50.5448,→ 93°,
Tue 05:59:23 PM,43.0063,-50.1463,→ 93°,
Tue 06:00:25 PM,43.0027,-49.9388,→ 87°,
Tue 06:02:18 PM,43.0183,-49.5605,→ 87°,
Tue 06:02:34 PM,43.0333,-49.25,→ 87°,"37,000"
Tue 06:04:17 PM,43.0496,-48.7812,→ 87°,"37,000"
Tue 06:05:20 PM,43.0564,-48.5656,→ 88°,"37,000"
Tue 06:06:23 PM,43.0629,-48.3499,→ 88°,"37,000"
Tue 06:07:23 PM,43.0686,-48.1444,→ 88°,"37,000"
Tue 06:09:22 PM,43.0789,-47.7368,→ 88°,"37,000"
Tue 06:10:24 PM,43.0837,-47.5244,→ 88°,"37,000"
Tue 06:12:21 PM,43.0917,-47.1234,→ 89°,"37,000"
Tue 06:13:21 PM,43.0953,-46.9177,→ 89°,"37,000"
Tue 06:15:19 PM,43.1012,-46.5132,→ 89°,"37,000"
Tue 06:16:25 PM,43.1038,-46.2869,→ 89°,"37,000"
Tue 06:18:19 PM,43.1074,-45.8961,→ 89°,"37,000"
Tue 06:20:19 PM,43.1098,-45.4845,→ 90°,"37,000"
Tue 06:22:23 PM,43.1106,-45.0593,→ 90°,"37,000"
Tue 06:24:18 PM,43.11,-44.6649,→ 90°,"37,000"
Tue 06:25:23 PM,43.1091,-44.442,→ 90°,"37,000"
Tue 06:27:23 PM,43.1062,-44.0305,→ 91°,"37,000"
Tue 06:29:20 PM,43.102,-43.6293,→ 91°,"37,000"
Tue 06:30:23 PM,43.0991,-43.4133,→ 91°,"37,000"
Tue 06:32:13 PM,43.0932,-43.0363,→ 91°,"37,000"
Tue 06:33:19 PM,43.089,-42.8101,→ 92°,"37,000"
Tue 06:34:20 PM,43.0848,-42.601,→ 92°,"37,000"
Tue 06:35:21 PM,43.0801,-42.392,→ 92°,"37,000"
Tue 06:37:18 PM,43.0702,-41.9912,→ 92°,"37,000"
Tue 06:38:19 PM,43.0645,-41.7823,→ 92°,"37,000"
Tue 06:40:20 PM,43.052,-41.3681,→ 93°,"37,000"
Tue 06:42:08 PM,43.0395,-40.9985,→ 93°,"37,000"
Tue 06:43:23 PM,43.0302,-40.7419,→ 93°,"37,000"
Tue 06:45:14 PM,43.0154,-40.3623,→ 93°,"37,000"
Tue 06:46:24 PM,43.0053,-40.123,→ 93°,"37,000"
Tue 06:48:22 PM,43.0412,-39.7145,→ 79°,"37,000"
Tue 06:50:18 PM,43.0984,-39.3099,→ 79°,"37,000"
Tue 06:51:22 PM,43.1293,-39.0864,→ 79°,"37,000"
Tue 06:53:23 PM,43.1866,-38.6632,→ 80°,"37,000"
Tue 06:55:23 PM,43.2418,-38.2427,→ 80°,"37,000"
Tue 06:56:23 PM,43.2689,-38.0322,→ 80°,"37,000"
Tue 06:57:25 PM,43.2964,-37.8144,→ 80°,"37,000"
Tue 06:59:16 PM,43.3447,-37.4241,→ 80°,"37,000"
Tue 07:01:24 PM,43.3987,-36.9733,→ 81°,"37,000"
Tue 07:02:26 PM,43.4242,-36.7546,→ 81°,"37,000"
Tue 07:04:24 PM,43.4716,-36.3379,→ 81°,"37,000"
Tue 07:06:25 PM,43.5187,-35.91,→ 82°,"37,000"
Tue 07:08:19 PM,43.5616,-35.5062,→ 82°,"37,000"
Tue 07:10:24 PM,43.6069,-35.0628,→ 82°,"37,000"
Tue 07:12:21 PM,43.6479,-34.6472,→ 82°,"37,000"
Tue 07:13:24 PM,43.6693,-34.4232,→ 83°,"37,000"
Tue 07:15:16 PM,43.7062,-34.0245,→ 83°,"37,000"
Tue 07:16:20 PM,43.7268,-33.7965,→ 83°,"37,000"
Tue 07:18:22 PM,43.7646,-33.3614,→ 83°,"37,000"
Tue 07:19:24 PM,43.7832,-33.1401,→ 83°,"37,000"
Tue 07:21:15 PM,43.8154,-32.7435,→ 84°,"37,000"
Tue 07:22:18 PM,43.8331,-32.5183,→ 84°,"37,000"
Tue 07:23:23 PM,43.8509,-32.2857,→ 84°,"37,000"
Tue 07:25:23 PM,43.8824,-31.856,→ 84°,"37,000"
Tue 07:26:23 PM,43.8976,-31.641,→ 84°,"37,000"
Tue 07:27:24 PM,43.9126,-31.4223,→ 85°,"37,000"
Tue 07:29:19 PM,43.9398,-31.0097,→ 85°,"37,000"
Tue 07:31:23 PM,43.9675,-30.5644,→ 85°,"37,000"
Tue 07:33:23 PM,43.9926,-30.1331,→ 86°,"37,000"
Tue 07:34:23 PM,43.9995,-29.929,→ 90°,
Tue 07:36:24 PM,43.996,-29.5165,→ 91°,
Tue 07:38:20 PM,43.9913,-29.1212,→ 91°,
Tue 07:39:23 PM,43.9881,-28.9065,→ 91°,
Tue 07:41:24 PM,43.9809,-28.4943,→ 91°,
Tue 07:43:22 PM,43.9725,-28.0924,→ 92°,
Tue 07:45:24 PM,43.9622,-27.677,→ 92°,
Tue 07:47:21 PM,43.951,-27.2788,→ 92°,
Tue 07:48:21 PM,43.9447,-27.0746,→ 92°,
Tue 07:50:23 PM,43.9308,-26.6596,→ 93°,
Tue 07:52:21 PM,43.916,-26.2584,→ 93°,
Tue 07:54:21 PM,43.8994,-25.8506,→ 93°,
Tue 07:55:21 PM,43.8906,-25.6468,→ 93°,
Tue 07:56:24 PM,43.8809,-25.4329,→ 94°,
Tue 07:57:24 PM,43.8714,-25.2293,→ 94°,
Tue 07:59:22 PM,43.8515,-24.8289,→ 94°,
Tue 08:01:25 PM,43.8293,-24.4119,→ 94°,
Tue 08:03:25 PM,43.8062,-24.0053,→ 94°,
Tue 08:05:23 PM,43.7821,-23.6059,→ 95°,
Tue 08:07:25 PM,43.7557,-23.1932,→ 95°,
Tue 08:09:24 PM,43.7285,-22.7911,→ 95°,
Tue 08:11:17 PM,43.7013,-22.4096,→ 95°,
Tue 08:13:17 PM,43.6711,-22.0048,→ 96°,
Tue 08:14:25 PM,43.6534,-21.7756,→ 96°,
Tue 08:16:20 PM,43.6223,-21.3884,→ 96°,
Tue 08:17:23 PM,43.6048,-21.1764,→ 96°,
Tue 08:19:12 PM,43.5735,-20.8099,→ 97°,
Tue 08:20:17 PM,43.5543,-20.5915,→ 97°,
Tue 08:21:17 PM,43.5361,-20.3901,→ 97°,
Tue 08:22:24 PM,43.5155,-20.1653,→ 97°,
Tue 08:24:23 PM,43.4687,-19.7684,→ 100°,
Tue 08:26:22 PM,43.4143,-19.3736,→ 101°,
Tue 08:27:23 PM,43.3859,-19.1715,→ 101°,
Tue 08:29:15 PM,43.3318,-18.8012,→ 102°,
Tue 08:30:23 PM,43.2979,-18.5768,→ 102°,
Tue 08:32:21 PM,43.2379,-18.188,→ 102°,
Tue 08:34:22 PM,43.1751,-17.7902,→ 102°,
Tue 08:36:24 PM,43.1104,-17.3899,→ 102°,
Tue 08:38:24 PM,43.0453,-16.997,→ 103°,
Tue 08:40:25 PM,42.9784,-16.6017,→ 103°,
Tue 08:42:22 PM,42.9124,-16.2203,→ 103°,
Tue 08:44:14 PM,42.8481,-15.856,→ 103°,
Tue 08:45:15 PM,42.8125,-15.6578,→ 104°,
Tue 08:46:23 PM,42.7725,-15.4373,→ 104°,
Tue 08:47:23 PM,42.7368,-15.2429,→ 104°,
Tue 08:49:24 PM,42.6639,-14.8515,→ 104°,
Tue 08:51:22 PM,42.5915,-14.4708,→ 104°,
Tue 08:52:56 PM,42.4981,-13.9936,→ 100°,"37,000"
Tue 08:53:41 PM,42.4671,-13.8458,→ 106°,"37,000"
Tue 08:54:11 PM,42.4468,-13.748,→ 106°,"37,000"
Tue 08:54:41 PM,42.4267,-13.6516,→ 106°,"37,025"
Tue 08:55:11 PM,42.4058,-13.554,→ 106°,"37,000"
Tue 08:55:41 PM,42.3852,-13.4581,→ 106°,"37,000"
Tue 08:56:11 PM,42.3644,-13.361,→ 106°,"37,000"
Tue 08:56:47 PM,42.3398,-13.2468,→ 106°,"37,000"
Tue 08:57:24 PM,42.3146,-13.1312,→ 106°,"37,000"
Tue 08:58:11 PM,42.2808,-12.9762,→ 107°,"37,000"
Tue 08:58:42 PM,42.2597,-12.8801,→ 107°,"37,000"
Tue 08:59:15 PM,42.2372,-12.7781,→ 107°,"37,125"
Tue 08:59:47 PM,42.2144,-12.6748,→ 107°,"37,725"
Tue 09:00:17 PM,42.1935,-12.5813,→ 107°,"38,000"
Tue 09:00:49 PM,42.1713,-12.4821,→ 107°,"38,000"
Tue 09:01:20 PM,42.1495,-12.385,→ 107°,"38,000"
Tue 09:01:50 PM,42.1281,-12.2905,→ 107°,"38,000"
Tue 09:02:20 PM,42.1066,-12.1954,→ 107°,"38,000"
Tue 09:02:50 PM,42.0851,-12.101,→ 107°,"38,000"
Tue 09:03:20 PM,42.064,-12.0086,→ 107°,"38,000"
Tue 09:03:51 PM,42.0422,-11.9139,→ 107°,"38,000"
Tue 09:04:21 PM,42.0203,-11.8185,→ 107°,"38,000"
Tue 09:04:51 PM,41.9989,-11.7264,→ 107°,"38,000"
Tue 09:05:21 PM,41.9767,-11.631,→ 107°,"38,000"
Tue 09:05:51 PM,41.955,-11.5381,→ 107°,"38,000"
Tue 09:06:21 PM,41.9335,-11.4463,→ 107°,"38,000"
Tue 09:06:51 PM,41.9114,-11.3525,→ 108°,"38,000"
Tue 09:07:21 PM,41.8892,-11.2585,→ 108°,"38,000"
Tue 09:07:51 PM,41.8674,-11.1669,→ 108°,"38,000"
Tue 09:08:21 PM,41.8455,-11.075,→ 108°,"38,000"
Tue 09:08:51 PM,41.823,-10.9811,→ 108°,"38,000"
Tue 09:09:21 PM,41.8011,-10.8899,→ 108°,"38,000"
Tue 09:09:52 PM,41.7787,-10.7971,→ 108°,"38,000"
Tue 09:10:25 PM,41.7531,-10.6913,→ 108°,"38,000"
Tue 09:10:55 PM,41.7308,-10.5997,→ 108°,"38,000"
Tue 09:11:25 PM,41.7093,-10.5121,→ 108°,"38,000"
Tue 09:11:56 PM,41.6852,-10.4135,→ 108°,"38,000"
Tue 09:12:29 PM,41.6602,-10.3123,→ 108°,"38,000"
Tue 09:12:59 PM,41.6375,-10.2203,→ 108°,"38,000"
Tue 09:13:29 PM,41.6158,-10.1331,→ 108°,"38,000"
Tue 09:13:59 PM,41.5911,-10.0343,→ 108°,"38,000"
Tue 09:14:29 PM,41.5697,-9.9485,→ 108°,"38,000"
Tue 09:14:59 PM,41.5449,-9.85,→ 109°,"38,000"
Tue 09:15:29 PM,41.5218,-9.7584,→ 109°,"38,000"
Tue 09:15:59 PM,41.4998,-9.6712,→ 109°,"38,000"
Tue 09:16:29 PM,41.4758,-9.577,→ 109°,"38,000"
Tue 09:16:59 PM,41.4528,-9.4871,→ 109°,"38,000"
Tue 09:17:29 PM,41.429,-9.3939,→ 109°,"38,000"
Tue 09:17:59 PM,41.4059,-9.3043,→ 109°,"38,000"
Tue 09:18:29 PM,41.3821,-9.2122,→ 109°,"38,000"
Tue 09:18:59 PM,41.3592,-9.1236,→ 109°,"38,000"
Tue 09:19:29 PM,41.3353,-9.0319,→ 109°,"38,000"
Tue 09:19:59 PM,41.3113,-8.9397,→ 109°,"38,000"
Tue 09:20:29 PM,41.2875,-8.8492,→ 109°,"38,000"
Tue 09:20:59 PM,41.2633,-8.7574,→ 109°,"38,000"
Tue 09:21:29 PM,41.2386,-8.6638,→ 109°,"38,000"
Tue 09:21:59 PM,41.2156,-8.5771,→ 109°,"38,000"
Tue 09:22:29 PM,41.1917,-8.4872,→ 109°,"38,000"
Tue 09:22:59 PM,41.1673,-8.3957,→ 110°,"38,000"
Tue 09:23:30 PM,41.1421,-8.3017,→ 110°,"38,000"
Tue 09:24:00 PM,41.1181,-8.212,→ 110°,"38,000"
Tue 09:24:30 PM,41.0938,-8.1223,→ 110°,"38,000"
Tue 09:25:00 PM,41.0704,-8.0359,→ 110°,"38,000"
Tue 09:25:30 PM,41.0449,-7.9424,→ 110°,"38,000"
Tue 09:26:00 PM,41.0212,-7.8553,→ 110°,"38,000"
Tue 09:26:30 PM,40.9958,-7.7629,→ 110°,"38,000"
Tue 09:27:00 PM,40.9719,-7.6757,→ 110°,"38,000"
Tue 09:27:30 PM,40.9472,-7.5862,→ 110°,"38,000"
Tue 09:28:00 PM,40.9235,-7.5005,→ 110°,"38,000"
Tue 09:28:30 PM,40.8976,-7.4073,→ 110°,"38,000"
Tue 09:29:00 PM,40.8734,-7.3206,→ 110°,"38,000"
Tue 09:29:30 PM,40.8477,-7.2289,→ 110°,"38,000"
Tue 09:30:00 PM,40.8245,-7.1462,→ 110°,"38,000"
Tue 09:30:31 PM,40.7973,-7.0497,→ 110°,"38,000"
Tue 09:31:01 PM,40.7725,-6.9619,→ 110°,"38,000"
Tue 09:31:51 PM,40.7407,-6.8106,→ 103°,"38,000"
Tue 09:32:25 PM,40.7216,-6.7065,→ 104°,"38,000"
Tue 09:32:56 PM,40.7046,-6.6148,→ 104°,"38,000"
Tue 09:33:30 PM,40.6862,-6.515,→ 104°,"38,000"
Tue 09:34:00 PM,40.6696,-6.4253,→ 104°,"38,000"
Tue 09:34:30 PM,40.6526,-6.3339,→ 104°,"38,000"
Tue 09:35:00 PM,40.6358,-6.2445,→ 104°,"38,000"
Tue 09:35:30 PM,40.6192,-6.1562,→ 104°,"38,000"
Tue 09:36:00 PM,40.6022,-6.0665,→ 104°,"38,000"
Tue 09:36:30 PM,40.5853,-5.9778,→ 104°,"38,000"
Tue 09:37:01 PM,40.5668,-5.8811,→ 104°,"38,000"
Tue 09:37:31 PM,40.5499,-5.7929,→ 104°,"38,000"
Tue 09:38:02 PM,40.5321,-5.7011,→ 104°,"38,000"
Tue 09:38:32 PM,40.5146,-5.6102,→ 104°,"38,000"
Tue 09:39:02 PM,40.4971,-5.5204,→ 104°,"38,000"
Tue 09:39:32 PM,40.4792,-5.4291,→ 104°,"38,000"
Tue 09:40:02 PM,40.4618,-5.3407,→ 105°,"38,000"
Tue 09:40:35 PM,40.4416,-5.2385,→ 105°,"38,000"
Tue 09:41:05 PM,40.4245,-5.1523,→ 105°,"38,025"
Tue 09:41:35 PM,40.4073,-5.0658,→ 105°,"38,000"
Tue 09:42:05 PM,40.3883,-4.9707,→ 105°,"38,000"
Tue 09:42:35 PM,40.3703,-4.8816,→ 105°,"38,000"
Tue 09:43:05 PM,40.3523,-4.7923,→ 105°,"38,000"
Tue 09:43:35 PM,40.3342,-4.7029,→ 105°,"38,000"
Tue 09:44:05 PM,40.3166,-4.6166,→ 105°,"38,000"
Tue 09:44:35 PM,40.2979,-4.525,→ 105°,"38,000"
Tue 09:45:05 PM,40.2796,-4.4359,→ 105°,"38,000"
Tue 09:45:35 PM,40.262,-4.3506,→ 105°,"37,975"
Tue 09:46:05 PM,40.2427,-4.2575,→ 105°,"38,000"
Tue 09:46:35 PM,40.2248,-4.1716,→ 105°,"38,000"
Tue 09:47:05 PM,40.2062,-4.0825,→ 105°,"38,025"
Tue 09:47:36 PM,40.187,-3.9909,→ 105°,"38,000"
Tue 09:48:06 PM,40.1683,-3.9023,→ 105°,"38,000"
Tue 09:48:36 PM,40.1496,-3.8141,→ 106°,"38,000"
Tue 09:49:06 PM,40.1312,-3.7272,→ 105°,"38,000"
Tue 09:49:36 PM,40.1124,-3.6393,→ 106°,"38,000"
Tue 09:50:06 PM,40.0936,-3.5511,→ 106°,"38,000"
Tue 09:50:36 PM,40.0745,-3.4626,→ 106°,"38,000"
Tue 09:51:08 PM,40.0542,-3.3686,→ 106°,"38,000"
Tue 09:51:41 PM,40.0333,-3.2723,→ 106°,"38,000"
Tue 09:52:11 PM,40.0144,-3.1854,→ 106°,"38,000"
Tue 09:52:41 PM,39.9946,-3.0951,→ 106°,"38,000"
Tue 09:53:11 PM,39.9752,-3.0069,→ 106°,"38,000"
Tue 09:53:42 PM,39.9555,-2.9175,→ 106°,"37,975"
Tue 09:54:12 PM,39.9361,-2.8302,→ 106°,"38,000"
Tue 09:54:42 PM,39.9172,-2.7447,→ 106°,"38,000"
Tue 09:55:12 PM,39.8982,-2.6596,→ 106°,"38,000"
Tue 09:55:42 PM,39.8784,-2.5711,→ 106°,"38,000"
Tue 09:56:12 PM,39.8591,-2.4854,→ 106°,"38,000"
Tue 09:56:43 PM,39.8385,-2.3942,→ 106°,"38,000"
Tue 09:57:13 PM,39.8188,-2.3077,→ 106°,"38,000"
Tue 09:57:44 PM,39.7986,-2.2186,→ 107°,"38,000"
Tue 09:58:14 PM,39.7786,-2.1311,→ 107°,"38,000"
Tue 09:58:45 PM,39.758,-2.0413,→ 107°,"38,000"
Tue 09:59:17 PM,39.7365,-1.9478,→ 107°,"38,000"
Tue 09:59:47 PM,39.7166,-1.8619,→ 107°,"38,000"
Tue 10:00:17 PM,39.6959,-1.7729,→ 107°,"38,000"
Tue 10:00:47 PM,39.6747,-1.6838,→ 108°,"38,000"
Tue 10:01:17 PM,39.6523,-1.5998,→ 109°,"38,000"
Tue 10:01:48 PM,39.6289,-1.5122,→ 109°,"38,000"
Tue 10:02:18 PM,39.6063,-1.4258,→ 109°,"38,000"
Tue 10:02:48 PM,39.5838,-1.3394,→ 109°,"38,000"
Tue 10:03:18 PM,39.5613,-1.254,→ 109°,"38,000"
Tue 10:03:48 PM,39.5382,-1.1662,→ 109°,"38,000"
Tue 10:04:18 PM,39.5154,-1.0803,→ 109°,"38,000"
Tue 10:04:48 PM,39.4936,-0.9981,→ 109°,"38,000"
Tue 10:05:18 PM,39.4698,-0.9085,→ 109°,"38,000"
Tue 10:05:48 PM,39.4467,-0.8219,→ 109°,"38,000"
Tue 10:06:18 PM,39.424,-0.7372,→ 109°,"38,000"
Tue 10:06:48 PM,39.4009,-0.6517,→ 109°,"38,000"
Tue 10:07:18 PM,39.3784,-0.5682,→ 109°,"38,000"
Tue 10:07:48 PM,39.3548,-0.4808,→ 109°,"38,000"
Tue 10:08:18 PM,39.3312,-0.3942,→ 109°,"38,000"
Tue 10:08:48 PM,39.308,-0.3091,→ 109°,"38,000"
Tue 10:09:19 PM,39.2837,-0.2204,→ 109°,"38,000"
Tue 10:09:49 PM,39.2603,-0.1349,→ 109°,"38,000"
Tue 10:10:19 PM,39.2361,-0.047,→ 110°,"38,000"
Tue 10:10:49 PM,39.2131,0.036,→ 110°,"38,000"
Tue 10:11:19 PM,39.1887,0.1241,→ 110°,"38,000"
Tue 10:11:49 PM,39.1652,0.2082,→ 110°,"38,000"
Tue 10:12:19 PM,39.1411,0.2949,→ 110°,"38,000"
Tue 10:12:49 PM,39.117,0.3811,→ 110°,"38,000"
Tue 10:13:19 PM,39.0925,0.4683,→ 110°,"38,000"
Tue 10:13:50 PM,39.068,0.5551,→ 110°,"38,000"
Tue 10:14:20 PM,39.044,0.64,→ 110°,"38,000"
Tue 10:14:52 PM,39.0165,0.7368,→ 110°,"38,050"
Tue 10:15:22 PM,38.9932,0.8186,→ 110°,"38,425"
Tue 10:15:52 PM,38.969,0.9033,→ 110°,"38,800"
Tue 10:16:25 PM,38.9425,0.9956,→ 110°,"39,000"
Tue 10:16:55 PM,38.9183,1.0798,→ 110°,"39,000"
Tue 10:17:26 PM,38.8919,1.1711,→ 110°,"39,000"
Tue 10:17:56 PM,38.8677,1.2548,→ 110°,"39,000"
Tue 10:18:27 PM,38.8433,1.3389,→ 110°,"39,000"
Tue 10:18:57 PM,38.818,1.4253,↘ 111°,"39,000"
Tue 10:19:27 PM,38.793,1.5112,↘ 111°,"39,000"
Tue 10:19:57 PM,38.7684,1.5953,↘ 111°,"39,000"
Tue 10:20:27 PM,38.7438,1.6785,↘ 111°,"39,000"
Tue 10:20:57 PM,38.7188,1.7634,↘ 111°,"39,000"
Tue 10:21:27 PM,38.6944,1.8457,↘ 111°,"39,000"
Tue 10:21:57 PM,38.6684,1.9332,↘ 111°,"39,000"
Tue 10:22:27 PM,38.6438,2.0155,↘ 111°,"39,000"
Tue 10:22:57 PM,38.6186,2.1002,↘ 111°,"39,000"
Tue 10:23:27 PM,38.5934,2.1844,↘ 111°,"39,000"
Tue 10:23:57 PM,38.5673,2.2708,↘ 111°,"39,000"
Tue 10:24:27 PM,38.542,2.3549,↘ 111°,"39,000"
Tue 10:24:57 PM,38.5168,2.4381,↘ 111°,"39,000"
Tue 10:25:27 PM,38.4912,2.5225,↘ 111°,"39,000"
Tue 10:25:57 PM,38.4655,2.6067,↘ 111°,"39,000"
Tue 10:26:28 PM,38.4393,2.6928,↘ 111°,"39,000"
Tue 10:26:58 PM,38.4131,2.778,↘ 111°,"39,000"
Tue 10:27:28 PM,38.3881,2.8594,↘ 111°,"39,000"
Tue 10:27:58 PM,38.3616,2.9453,↘ 111°,"39,000"
Tue 10:28:28 PM,38.3353,3.0304,↘ 111°,"39,000"
Tue 10:28:58 PM,38.3135,3.1141,→ 106°,"39,000"
Tue 10:29:28 PM,38.2942,3.2034,→ 106°,"39,000"
Tue 10:29:58 PM,38.2744,3.2894,→ 107°,"39,000"
Tue 10:30:28 PM,38.2533,3.3768,→ 107°,"39,000"
Tue 10:30:58 PM,38.2318,3.4649,→ 107°,"39,000"
Tue 10:31:28 PM,38.2101,3.5538,→ 107°,"39,000"
Tue 10:31:58 PM,38.1891,3.6401,→ 107°,"39,000"
Tue 10:32:31 PM,38.1649,3.7391,→ 107°,"39,025"
Tue 10:33:01 PM,38.1432,3.8269,→ 107°,"39,000"
Tue 10:33:31 PM,38.1207,3.9181,→ 107°,"39,000"
Tue 10:34:01 PM,38.0995,4.0039,→ 107°,"39,000"
Tue 10:34:31 PM,38.078,4.0904,→ 107°,"39,000"
Tue 10:35:01 PM,38.0588,4.1677,→ 108°,"39,000"
Tue 10:35:31 PM,38.034,4.2663,→ 108°,"39,000"
Tue 10:36:01 PM,38.012,4.3537,→ 108°,"39,000"
Tue 10:36:31 PM,37.99,4.4408,→ 108°,"39,000"
Tue 10:37:01 PM,37.9674,4.5302,→ 108°,"39,000"
Tue 10:37:35 PM,37.9412,4.6333,→ 108°,"39,000"
Tue 10:38:06 PM,37.9184,4.7227,→ 108°,"39,000"
Tue 10:38:36 PM,37.8952,4.8132,→ 108°,"39,000"
Tue 10:39:07 PM,37.8721,4.9032,→ 108°,"39,000"
Tue 10:39:37 PM,37.8481,4.9959,→ 108°,"39,000"
Tue 10:40:07 PM,37.8243,5.088,→ 108°,"39,000"
Tue 10:40:37 PM,37.8005,5.1799,→ 108°,"39,000"
Tue 10:41:07 PM,37.7764,5.2722,→ 108°,"39,000"
Tue 10:41:38 PM,37.752,5.3655,→ 108°,"39,000"
Tue 10:42:08 PM,37.7282,5.4561,→ 108°,"39,000"
Tue 10:42:40 PM,37.7036,5.5495,→ 108°,"39,000"
Tue 10:43:10 PM,37.6792,5.6414,→ 109°,"39,000"
Tue 10:43:40 PM,37.6553,5.7316,→ 109°,"39,000"
Tue 10:44:12 PM,37.6286,5.8317,→ 109°,"39,000"
Tue 10:44:55 PM,37.5928,5.9656,→ 109°,"39,025"
Tue 10:45:26 PM,37.5677,6.0593,→ 109°,"39,050"
Tue 10:46:00 PM,37.5418,6.155,→ 109°,"38,975"
Tue 10:46:40 PM,37.5094,6.2742,→ 109°,"39,000"
Tue 10:47:11 PM,37.4828,6.372,→ 109°,"39,000"
Tue 10:47:42 PM,37.4584,6.4615,→ 109°,"39,000"
Tue 10:48:12 PM,37.4333,6.5529,→ 109°,"39,000"
Tue 10:48:42 PM,37.409,6.6411,→ 109°,"39,025"
Tue 10:49:12 PM,37.3841,6.7316,→ 109°,"39,000"
Tue 10:49:42 PM,37.3591,6.8219,→ 109°,"39,000"
Tue 10:50:13 PM,37.3342,6.9109,→ 109°,"39,000"
Tue 10:50:43 PM,37.309,7.0014,→ 109°,"39,000"
Tue 10:51:13 PM,37.2835,7.0926,→ 109°,"39,000"
Tue 10:51:43 PM,37.2582,7.1831,→ 109°,"39,000"
Tue 10:52:13 PM,37.2325,7.2741,→ 110°,"39,000"
Tue 10:52:43 PM,37.207,7.3643,→ 110°,"39,000"
Tue 10:53:14 PM,37.1809,7.4561,→ 110°,"39,000"
Tue 10:53:44 PM,37.1548,7.5479,→ 110°,"39,000"
Tue 10:54:14 PM,37.1289,7.6386,→ 110°,"39,000"
Tue 10:54:44 PM,37.1025,7.731,→ 110°,"39,000"
Tue 10:55:14 PM,37.0761,7.8226,→ 110°,"39,000"
Tue 10:55:44 PM,37.0495,7.9151,→ 110°,"39,000"
Tue 10:56:14 PM,37.0245,8.0013,→ 110°,"39,000"
Tue 10:56:45 PM,36.9971,8.096,→ 110°,"39,000"
Tue 10:57:08 PM,36.9779,8.1665,→ 105°,"39,000"
Tue 10:57:54 PM,36.9619,8.3199,→ 96°,"39,000"
Tue 10:58:30 PM,36.951,8.4349,→ 97°,"39,000"
Tue 10:59:00 PM,36.9411,8.5366,→ 97°,"39,000"
Tue 10:59:30 PM,36.9318,8.6364,→ 97°,"39,000"
Tue 11:00:00 PM,36.9223,8.7357,→ 97°,"39,000"
Tue 11:00:30 PM,36.9125,8.8352,→ 97°,"39,000"
Tue 11:01:00 PM,36.9027,8.9342,→ 97°,"39,000"
Tue 11:01:30 PM,36.8929,9.0324,→ 97°,"39,000"
Tue 11:02:00 PM,36.8829,9.1323,→ 97°,"39,000"
Tue 11:02:31 PM,36.8728,9.2323,→ 97°,"39,000"
Tue 11:03:01 PM,36.8626,9.3315,→ 97°,"39,000"
Tue 11:03:31 PM,36.8524,9.4312,→ 97°,"39,000"
Tue 11:04:01 PM,36.8424,9.5275,→ 97°,"39,000"
Tue 11:04:31 PM,36.8319,9.6276,→ 97°,"39,000"
Tue 11:05:01 PM,36.8213,9.7281,→ 98°,"39,000"
Tue 11:05:31 PM,36.811,9.8247,→ 98°,"39,000"
Tue 11:06:01 PM,36.8004,9.9232,→ 98°,"39,000"
Tue 11:06:31 PM,36.7893,10.0265,→ 98°,"39,000"
Tue 11:07:01 PM,36.7787,10.1228,→ 98°,"39,000"
Tue 11:07:31 PM,36.7678,10.2225,→ 98°,"39,000"
Tue 11:08:01 PM,36.7567,10.3231,→ 98°,"39,000"
Tue 11:08:31 PM,36.7452,10.426,→ 98°,"39,000"
Tue 11:09:01 PM,36.7343,10.5228,→ 98°,"39,000"
Tue 11:09:31 PM,36.723,10.6228,→ 98°,"39,000"
Tue 11:10:02 PM,36.7116,10.7231,→ 98°,"39,000"
Tue 11:10:32 PM,36.7001,10.8229,→ 98°,"39,000"
Tue 11:11:02 PM,36.6885,10.9224,→ 98°,"39,000"
Tue 11:11:32 PM,36.6769,11.0219,→ 98°,"39,000"
Tue 11:12:02 PM,36.6651,11.1223,→ 98°,"39,000"
Tue 11:12:32 PM,36.6532,11.2225,→ 98°,"39,000"
Tue 11:13:02 PM,36.6414,11.3217,→ 98°,"39,000"
Tue 11:13:32 PM,36.6287,11.4218,→ 99°,"39,000"
Tue 11:14:02 PM,36.6166,11.5219,→ 98°,"39,000"
Tue 11:14:32 PM,36.6046,11.6221,→ 99°,"39,000"
Tue 11:15:02 PM,36.5924,11.7216,→ 99°,"39,000"
Tue 11:15:32 PM,36.58,11.8217,→ 99°,"39,000"
Tue 11:16:02 PM,36.5674,11.9219,→ 99°,"39,000"
Tue 11:16:33 PM,36.5547,12.0228,→ 99°,"39,000"
Tue 11:17:03 PM,36.5423,12.121,→ 99°,"39,000"
Tue 11:17:34 PM,36.5292,12.2232,→ 99°,"39,000"
Tue 11:18:08 PM,36.5143,12.3393,→ 99°,"39,000"
Tue 11:18:42 PM,36.5003,12.4472,→ 99°,"39,000"
Tue 11:19:12 PM,36.4871,12.5475,→ 99°,"39,000"
Tue 11:19:43 PM,36.4742,12.6462,→ 99°,"39,000"
Tue 11:20:13 PM,36.461,12.7461,→ 99°,"39,000"
Tue 11:20:43 PM,36.4477,12.8456,→ 99°,"39,000"
Tue 11:21:13 PM,36.4345,12.9444,→ 99°,"39,000"
Tue 11:21:43 PM,36.4211,13.0439,→ 100°,"39,000"
Tue 11:22:13 PM,36.4076,13.1427,→ 100°,"39,000"
Tue 11:22:43 PM,36.3942,13.2408,→ 100°,"39,000"
Tue 11:23:13 PM,36.3807,13.3392,→ 100°,"39,000"
Tue 11:23:43 PM,36.3676,13.4338,→ 100°,"39,000"
Tue 11:24:13 PM,36.3535,13.535,→ 100°,"39,000"
Tue 11:24:43 PM,36.34,13.6308,→ 100°,"39,000"
Tue 11:25:13 PM,36.326,13.7301,→ 100°,"39,000"
Tue 11:25:43 PM,36.3124,13.8258,→ 100°,"39,000"
Tue 11:26:13 PM,36.2985,13.9237,→ 100°,"39,000"
Tue 11:26:43 PM,36.2843,14.0219,→ 100°,"39,000"
Tue 11:27:13 PM,36.2699,14.1216,→ 100°,"39,000"
Tue 11:27:43 PM,36.2555,14.2205,→ 100°,"39,000"
Tue 11:28:13 PM,36.2411,14.319,→ 100°,"39,000"
Tue 11:28:44 PM,36.2267,14.4167,→ 100°,"39,000"
Tue 11:29:14 PM,36.2122,14.5152,→ 100°,"39,000"
Tue 11:29:47 PM,36.1959,14.6246,→ 101°,"39,000"
Tue 11:30:17 PM,36.181,14.7237,→ 101°,"39,000"
Tue 11:30:47 PM,36.1666,14.8198,→ 101°,"39,000"
Tue 11:31:17 PM,36.1514,14.9191,→ 101°,"39,000"
Tue 11:31:47 PM,36.1365,15.0172,→ 101°,"39,000"
Tue 11:32:17 PM,36.1213,15.1163,→ 101°,"39,000"
Tue 11:32:47 PM,36.1061,15.2144,→ 101°,"39,000"
Tue 11:33:17 PM,36.0909,15.3127,→ 101°,"39,000"
Tue 11:33:47 PM,36.0759,15.4084,→ 101°,"39,000"
Tue 11:34:18 PM,36.0601,15.5093,→ 101°,"39,000"
Tue 11:34:48 PM,36.0446,15.6078,→ 101°,"39,000"
Tue 11:35:18 PM,36.0291,15.7053,→ 101°,"39,000"
Tue 11:35:48 PM,36.0136,15.8028,→ 101°,"39,000"
Tue 11:36:18 PM,35.9979,15.9001,→ 101°,"39,000"
Tue 11:36:48 PM,35.9822,15.9974,→ 101°,"39,000"
Tue 11:37:19 PM,35.9662,16.0959,→ 101°,"39,000"
Tue 11:37:50 PM,35.9498,16.1962,→ 101°,"39,000"
Tue 11:38:23 PM,35.9323,16.303,→ 102°,"39,000"
Tue 11:38:53 PM,35.9162,16.4008,→ 102°,"39,000"
Tue 11:39:23 PM,35.9001,16.4982,→ 102°,"39,000"
Tue 11:39:53 PM,35.8835,16.5974,→ 102°,"39,000"
Tue 11:40:23 PM,35.8674,16.6937,→ 102°,"39,000"
Tue 11:41:00 PM,35.8469,16.8149,→ 102°,"39,000"
Tue 11:41:32 PM,35.8287,16.9223,→ 102°,"39,000"
Tue 11:42:02 PM,35.8125,17.0171,→ 102°,"39,000"
Tue 11:42:32 PM,35.7963,17.1123,→ 102°,"39,000"
Tue 11:43:02 PM,35.7799,17.2075,→ 102°,"39,000"
Tue 11:43:33 PM,35.7616,17.3129,→ 102°,"39,000"
Tue 11:44:03 PM,35.7447,17.4095,→ 102°,"39,000"
Tue 11:44:33 PM,35.7277,17.5071,→ 102°,"39,000"
Tue 11:45:03 PM,35.7107,17.6036,→ 102°,"39,000"
Tue 11:45:34 PM,35.6933,17.7014,→ 102°,"39,000"
Tue 11:46:07 PM,35.6747,17.8066,→ 102°,"39,000"
Tue 11:46:37 PM,35.6569,17.9062,→ 102°,"39,000"
Tue 11:47:07 PM,35.6394,18.0037,→ 102°,"39,000"
Tue 11:47:37 PM,35.6221,18.0997,→ 103°,"39,000"
Tue 11:48:07 PM,35.604,18.1991,→ 103°,"39,000"
Tue 11:48:37 PM,35.5863,18.2965,→ 103°,"39,000"
Tue 11:49:08 PM,35.5683,18.3948,→ 103°,"39,000"
Tue 11:49:38 PM,35.5501,18.4936,→ 103°,"39,000"
Tue 11:50:11 PM,35.5301,18.602,→ 103°,"39,000"
Tue 11:50:44 PM,35.5101,18.7097,→ 103°,"39,000"
Tue 11:51:14 PM,35.4922,18.8053,→ 103°,"39,000"
Tue 11:51:44 PM,35.4734,18.9055,→ 103°,"39,000"
Tue 11:52:16 PM,35.4536,19.0104,→ 103°,"39,000"
Tue 11:52:46 PM,35.4351,19.1079,→ 103°,"39,000"
Tue 11:53:16 PM,35.4165,19.2056,→ 103°,"39,000"
Tue 11:53:46 PM,35.3975,19.3047,→ 103°,"39,000"
Tue 11:54:16 PM,35.379,19.4011,→ 103°,"39,000"
Tue 11:54:46 PM,35.3599,19.4999,→ 103°,"39,000"
Tue 11:55:16 PM,35.341,19.5971,→ 103°,"39,000"
Tue 11:55:57 PM,35.3152,19.7291,→ 103°,"39,000"
Tue 11:56:31 PM,35.2935,19.8398,→ 104°,"39,000"
Tue 11:57:01 PM,35.2742,19.9379,→ 104°,"39,000"
Tue 11:57:31 PM,35.2547,20.036,→ 104°,"39,000"
Tue 11:58:01 PM,35.235,20.1347,→ 104°,"39,000"
Tue 11:58:31 PM,35.2155,20.2324,→ 104°,"39,000"
Tue 11:59:01 PM,35.1953,20.3326,→ 104°,"39,000"
Tue 11:59:32 PM,35.1746,20.4352,→ 104°,"39,000"
Wed 12:00:02 AM,35.1547,20.5335,→ 104°,"39,000"
Wed 12:00:32 AM,35.1349,20.6308,→ 104°,"39,000"
Wed 12:01:02 AM,35.115,20.7283,→ 104°,"39,000"
Wed 12:01:32 AM,35.0949,20.8257,→ 104°,"39,000"
Wed 12:02:02 AM,35.0744,20.925,→ 104°,"39,025"
Wed 12:02:34 AM,35.0534,21.0261,→ 104°,"39,025"
Wed 12:03:05 AM,35.0331,21.1239,→ 104°,"39,025"
Wed 12:03:37 AM,35.0107,21.2309,→ 104°,"39,000"
Wed 12:04:07 AM,34.9916,21.3217,→ 104°,"39,000"
Wed 12:04:38 AM,34.9696,21.4261,→ 105°,"39,000"
Wed 12:05:08 AM,34.9486,21.525,→ 105°,"38,975"
Wed 12:05:46 AM,34.9229,21.6457,→ 105°,"39,000"
Wed 12:06:16 AM,34.902,21.7436,→ 105°,"39,000"
Wed 12:06:47 AM,34.8806,21.8429,→ 105°,"39,000"
Wed 12:07:17 AM,34.8594,21.9413,→ 105°,"39,000"
Wed 12:07:47 AM,34.8383,22.0385,→ 105°,"39,000"
Wed 12:08:17 AM,34.8174,22.1345,→ 105°,"39,000"
Wed 12:08:47 AM,34.796,22.2323,→ 105°,"39,000"
Wed 12:09:17 AM,34.7746,22.3298,→ 105°,"39,000"
Wed 12:09:47 AM,34.7532,22.4268,→ 105°,"39,000"
Wed 12:10:18 AM,34.7316,22.5244,→ 105°,"39,000"
Wed 12:10:48 AM,34.7101,22.6217,→ 105°,"39,000"
Wed 12:11:18 AM,34.6882,22.7197,→ 105°,"39,000"
Wed 12:11:48 AM,34.6663,22.8171,→ 105°,"39,000"
Wed 12:12:18 AM,34.6446,22.9128,→ 107°,"39,000"
Wed 12:12:48 AM,34.6168,23.0093,↘ 112°,"39,000"
Wed 12:13:18 AM,34.5823,23.1013,↘ 117°,"39,000"
Wed 12:13:48 AM,34.5444,23.1897,↘ 117°,"39,000"
Wed 12:14:18 AM,34.506,23.2804,↘ 117°,"39,000"
Wed 12:14:50 AM,34.4676,23.3711,↘ 117°,"39,000"
Wed 12:15:20 AM,34.4291,23.4613,↘ 117°,"39,000"
Wed 12:15:50 AM,34.3905,23.5512,↘ 117°,"39,000"
Wed 12:16:20 AM,34.3524,23.64,↘ 118°,"39,000"
Wed 12:16:50 AM,34.3133,23.7308,↘ 118°,"39,000"
Wed 12:17:20 AM,34.2741,23.8214,↘ 118°,"39,000"
Wed 12:17:50 AM,34.2356,23.9103,↘ 118°,"39,000"
Wed 12:18:20 AM,34.1969,23.9995,↘ 118°,"39,000"
Wed 12:18:50 AM,34.1576,24.0899,↘ 118°,"39,000"
Wed 12:19:21 AM,34.1181,24.1804,↘ 118°,"39,000"
Wed 12:19:56 AM,34.0708,24.2877,↘ 119°,"39,000"
Wed 12:20:14 AM,34.0451,24.3399,↘ 122°,"39,000"
Wed 12:20:33 AM,34.0166,24.391,↘ 125°,"39,000"
Wed 12:21:05 AM,33.9608,24.4768,↘ 130°,"39,000"
Wed 12:21:36 AM,33.902,24.553,↘ 135°,"39,000"
Wed 12:22:17 AM,33.817,24.646,↘ 138°,"39,000"
Wed 12:22:48 AM,33.7535,24.7142,↘ 138°,"39,000"
Wed 12:23:19 AM,33.6914,24.781,↘ 138°,"39,000"
Wed 12:23:49 AM,33.6286,24.848,↘ 138°,"39,000"
Wed 12:24:25 AM,33.5537,24.9277,↘ 138°,"39,000"
Wed 12:25:15 AM,33.4486,25.0392,↘ 138°,"39,000"
Wed 12:25:45 AM,33.3865,25.105,↘ 138°,"39,000"
Wed 12:26:15 AM,33.3246,25.1703,↘ 138°,"39,000"
Wed 12:28:23 AM,33.1309,25.4592,↘ 129°,
Wed 12:30:14 AM,32.9624,25.7087,↘ 129°,
Wed 12:32:17 AM,32.7751,25.984,↘ 129°,
Wed 12:33:20 AM,32.6789,26.1246,↘ 129°,
Wed 12:34:53 AM,32.5367,26.3315,↘ 129°,
Wed 12:36:22 AM,32.4002,26.529,↘ 129°,
Wed 12:38:07 AM,32.2389,26.7611,↘ 129°,
Wed 12:40:19 AM,32.0354,27.0518,↘ 129°,
Wed 12:41:19 AM,31.9427,27.1836,↘ 130°,
Wed 12:43:16 AM,31.7616,27.4396,↘ 130°,
Wed 12:44:22 AM,31.6536,27.5831,↘ 132°,
Wed 12:45:25 AM,31.5516,27.7161,↘ 132°,
Wed 12:47:23 AM,31.3603,27.9645,↘ 132°,
Wed 12:49:24 AM,31.1635,28.2181,↘ 133°,
Wed 12:51:19 AM,30.9721,28.4538,↘ 133°,
Wed 12:53:15 AM,30.7786,28.6907,↘ 134°,
Wed 12:54:25 AM,30.663,28.8346,↘ 133°,
Wed 12:56:19 AM,30.4759,29.07,↘ 133°,
Wed 12:57:23 AM,30.3707,29.2018,↘ 133°,
Wed 12:59:22 AM,30.1733,29.4444,↘ 133°,
Wed 01:01:24 AM,29.9697,29.6913,↘ 134°,
Wed 01:02:25 AM,29.8677,29.8144,↘ 134°,
Wed 01:04:16 AM,29.6818,30.0377,↘ 134°,
Wed 01:05:07 AM,29.399,30.7911,→ 89°,"39,000"
Wed 01:05:48 AM,29.3989,30.9103,→ 90°,"39,000"
Wed 01:06:33 AM,29.3988,31.0457,→ 90°,"39,000"
Wed 01:07:28 AM,29.3987,31.2089,→ 90°,"39,000"
Wed 01:07:58 AM,29.4012,31.3005,→ 85°,"39,000"
Wed 01:08:30 AM,29.4125,31.3971,→ 80°,"39,000"
Wed 01:09:14 AM,29.4312,31.5188,→ 81°,"39,000"
Wed 01:09:44 AM,29.444,31.6062,→ 81°,"38,975"
Wed 01:10:14 AM,29.4564,31.6907,→ 80°,"39,000"
Wed 01:10:53 AM,29.4737,31.8071,→ 81°,"38,975"
Wed 01:11:35 AM,29.492,31.9323,→ 81°,"39,000"
Wed 01:12:07 AM,29.5055,32.0243,→ 81°,"39,000"
Wed 01:12:37 AM,29.5176,32.1074,→ 81°,"39,000"
Wed 01:13:07 AM,29.53,32.1935,→ 81°,"39,000"
Wed 01:13:37 AM,29.5425,32.2808,→ 81°,"39,000"
Wed 01:14:08 AM,29.5558,32.3738,→ 81°,"39,000"
Wed 01:14:46 AM,29.571,32.4811,→ 81°,"39,000"
Wed 01:15:16 AM,29.5834,32.5682,→ 81°,"39,000"
Wed 01:15:46 AM,29.5952,32.6548,→ 83°,"39,000"
Wed 01:16:14 AM,29.6007,32.7392,→ 89°,"39,000"
Wed 01:16:57 AM,29.6014,32.8681,→ 89°,"39,000"
Wed 01:17:28 AM,29.6025,32.9592,→ 89°,"39,000"
Wed 01:17:58 AM,29.6034,33.0479,→ 90°,"39,000"
Wed 01:18:28 AM,29.604,33.1375,→ 90°,"39,000"
Wed 01:18:58 AM,29.6047,33.2268,→ 90°,"39,000"
Wed 01:19:29 AM,29.6052,33.3147,→ 90°,"39,000"
Wed 01:19:59 AM,29.6058,33.4054,→ 90°,"39,000"
Wed 01:20:29 AM,29.6062,33.4939,→ 90°,"39,000"
Wed 01:21:02 AM,29.6066,33.5897,→ 90°,"39,000"
Wed 01:21:32 AM,29.6069,33.6777,→ 90°,"39,000"
Wed 01:22:02 AM,29.6072,33.7676,→ 90°,"39,000"
Wed 01:22:33 AM,29.6075,33.8571,→ 90°,"39,000"
Wed 01:23:03 AM,29.6073,33.9461,→ 90°,"39,000"
Wed 01:23:32 AM,29.6065,34.0311,→ 94°,"39,000"
Wed 01:23:56 AM,29.596,34.0999,→ 106°,"39,000"
Wed 01:24:31 AM,29.5712,34.2009,→ 105°,"39,000"
Wed 01:25:01 AM,29.5517,34.2867,→ 104°,"39,000"
Wed 01:25:31 AM,29.5328,34.3701,→ 104°,"39,000"
Wed 01:26:01 AM,29.5133,34.4552,→ 105°,"39,000"
Wed 01:26:31 AM,29.4936,34.5409,→ 105°,"39,000"
Wed 01:27:01 AM,29.4747,34.6226,→ 105°,"39,000"
Wed 01:27:31 AM,29.4545,34.7091,→ 105°,"39,000"
Wed 01:28:02 AM,29.4378,34.7922,→ 100°,"39,000"
Wed 01:28:22 AM,29.4307,34.8475,→ 96°,"39,000"
Wed 01:28:43 AM,29.4272,34.9085,→ 92°,"39,025"
Wed 01:29:10 AM,29.4289,34.9905,→ 86°,"39,000"
Wed 01:29:41 AM,29.4394,35.0784,→ 79°,"39,000"
Wed 01:30:17 AM,29.4615,35.1817,→ 77°,"39,000"
Wed 01:30:48 AM,29.4788,35.2735,→ 78°,"39,000"
Wed 01:31:21 AM,29.4972,35.3677,→ 77°,"39,000"
Wed 01:31:56 AM,29.5171,35.4668,→ 77°,"39,000"
Wed 01:32:26 AM,29.5344,35.5536,→ 77°,"39,000"
Wed 01:32:56 AM,29.5513,35.6398,→ 77°,"39,000"
Wed 01:33:26 AM,29.5679,35.7254,→ 78°,"39,000"
Wed 01:33:56 AM,29.5849,35.813,→ 78°,"39,000"
Wed 01:34:26 AM,29.6023,35.9021,→ 77°,"39,000"
Wed 01:34:57 AM,29.6198,35.9901,→ 77°,"39,000"
Wed 01:35:28 AM,29.6378,36.0822,→ 77°,"39,000"
Wed 01:35:58 AM,29.6547,36.1698,→ 78°,"39,000"
Wed 01:36:28 AM,29.6717,36.2582,→ 78°,"39,000"
Wed 01:36:59 AM,29.6885,36.3466,→ 78°,"39,000"
Wed 01:37:29 AM,29.7056,36.436,→ 78°,"39,000"
Wed 01:37:58 AM,29.7206,36.5217,→ 80°,"39,000"
Wed 01:38:38 AM,29.7302,36.6411,→ 88°,"39,000"
Wed 01:39:10 AM,29.7292,36.7352,→ 93°,"39,000"
Wed 01:39:40 AM,29.7217,36.8222,→ 98°,"39,000"
Wed 01:40:11 AM,29.7067,36.9134,→ 103°,"39,000"
Wed 01:40:42 AM,29.6894,36.9985,→ 103°,"39,000"
Wed 01:41:20 AM,29.668,37.1068,→ 103°,"39,000"
Wed 01:41:51 AM,29.6499,37.1964,→ 103°,"39,000"
Wed 01:42:42 AM,29.6205,37.3418,→ 103°,"39,000"
Wed 01:43:12 AM,29.603,37.4276,→ 103°,"39,000"
Wed 01:44:13 AM,29.5677,37.6002,→ 103°,"39,000"
Wed 01:44:43 AM,29.5498,37.6868,→ 103°,"39,000"
Wed 01:45:13 AM,29.5319,37.7737,→ 103°,"39,000"
Wed 01:45:43 AM,29.5141,37.8598,→ 103°,"39,000"
Wed 01:46:13 AM,29.4964,37.945,→ 103°,"39,000"
Wed 01:46:43 AM,29.4784,38.0318,→ 103°,"39,000"
Wed 01:47:29 AM,29.455,38.1677,→ 101°,"39,000"
Wed 01:47:59 AM,29.44,38.2549,→ 101°,"39,000"
Wed 01:48:29 AM,29.4242,38.3438,→ 102°,"39,000"
Wed 01:48:59 AM,29.4088,38.4291,→ 102°,"39,000"
Wed 01:49:29 AM,29.393,38.5163,→ 102°,"39,000"
Wed 01:49:59 AM,29.3776,38.6018,→ 102°,"39,000"
Wed 01:50:29 AM,29.3621,38.6871,→ 102°,"39,000"
Wed 01:50:59 AM,29.3465,38.7724,→ 102°,"39,000"
Wed 01:52:00 AM,29.3137,38.9507,→ 102°,"39,000"
Wed 01:53:28 AM,29.2612,39.2019,→ 102°,"39,000"
Wed 01:53:59 AM,29.2456,39.2905,→ 101°,"39,000"
Wed 01:54:30 AM,29.2291,39.3821,→ 102°,"39,000"
Wed 01:55:00 AM,29.2127,39.4706,→ 102°,"39,000"
Wed 01:55:54 AM,29.183,39.6296,→ 102°,"39,000"
Wed 01:56:35 AM,29.1602,39.751,→ 102°,"38,975"
Wed 01:59:23 AM,29.0748,40.2058,→ 102°,
Wed 02:01:23 AM,29.0128,40.5303,→ 102°,
Wed 02:03:17 AM,28.9532,40.8381,→ 102°,
Wed 02:04:18 AM,28.9211,41.0027,→ 103°,
Wed 02:06:19 AM,28.8566,41.3289,→ 103°,
Wed 02:07:23 AM,28.8223,41.5012,→ 103°,
Wed 02:09:11 AM,28.7637,41.7918,→ 103°,
Wed 02:10:19 AM,28.7266,41.9746,→ 103°,
Wed 02:11:19 AM,28.6936,42.1358,→ 103°,
Wed 02:12:24 AM,28.6576,42.3103,→ 103°,
Wed 02:13:09 AM,28.6045,42.5353,→ 104°,"41,000"
Wed 02:13:41 AM,28.5864,42.6212,→ 104°,"41,000"
Wed 02:14:30 AM,28.5577,42.7562,→ 104°,"41,000"
Wed 02:16:07 AM,28.5014,43.0197,→ 104°,"41,000"
Wed 02:17:07 AM,28.4658,43.185,→ 104°,"41,000"
Wed 02:17:37 AM,28.4479,43.2675,→ 104°,"41,000"
Wed 02:18:08 AM,28.4295,43.3519,→ 104°,"41,000"
Wed 02:19:08 AM,28.3938,43.5154,→ 104°,"41,000"
Wed 02:19:39 AM,28.3759,43.5969,→ 104°,"41,000"
Wed 02:20:09 AM,28.3578,43.6794,→ 104°,"41,000"
Wed 02:21:09 AM,28.3218,43.8422,→ 104°,"41,000"
Wed 02:21:39 AM,28.3042,43.921,→ 104°,"41,000"
Wed 02:22:10 AM,28.2859,44.0031,→ 104°,"41,000"
Wed 02:22:45 AM,28.2642,44.1003,→ 104°,"41,000"
Wed 02:23:15 AM,28.2459,44.1821,→ 104°,"41,000"
Wed 02:23:52 AM,28.2229,44.2846,→ 104°,"41,000"
Wed 02:24:30 AM,28.1993,44.3888,→ 104°,"41,000"
Wed 02:25:11 AM,28.1751,44.4957,→ 104°,"41,000"
Wed 02:25:41 AM,28.1567,44.5765,→ 104°,"41,000"
Wed 02:26:11 AM,28.1383,44.6574,→ 105°,"41,000"
Wed 02:26:42 AM,28.1194,44.7395,→ 105°,"41,000"
Wed 02:27:12 AM,28.1008,44.8205,→ 105°,"41,025"
Wed 02:27:44 AM,28.0809,44.9073,→ 105°,"41,000"
Wed 02:28:18 AM,28.0604,44.9962,→ 105°,"41,000"
Wed 02:28:48 AM,28.042,45.0758,→ 105°,"41,000"
Wed 02:29:18 AM,28.0233,45.156,→ 105°,"41,000"
Wed 02:29:48 AM,28.0048,45.2353,→ 105°,"41,000"
Wed 02:30:18 AM,27.9861,45.3153,→ 105°,"41,000"
Wed 02:30:48 AM,27.9675,45.3947,→ 105°,"41,000"
Wed 02:31:18 AM,27.9487,45.4749,→ 105°,"41,000"
Wed 02:31:48 AM,27.93,45.5539,→ 105°,"41,000"
Wed 02:32:18 AM,27.9111,45.634,→ 105°,"41,000"
Wed 02:32:49 AM,27.8924,45.713,→ 105°,"41,000"
Wed 02:33:19 AM,27.873,45.7944,→ 105°,"41,000"
Wed 02:33:49 AM,27.8541,45.8741,→ 105°,"41,000"
Wed 02:34:19 AM,27.8349,45.9542,→ 105°,"41,000"
Wed 02:34:50 AM,27.8159,46.0339,→ 105°,"41,000"
Wed 02:35:20 AM,27.7965,46.1145,→ 105°,"41,000"
Wed 02:35:55 AM,27.7753,46.2024,→ 105°,"41,000"
Wed 02:36:25 AM,27.7558,46.2833,→ 105°,"41,000"
Wed 02:36:55 AM,27.7368,46.3616,→ 105°,"41,000"
Wed 02:37:25 AM,27.7171,46.4424,→ 105°,"41,000"
Wed 02:37:55 AM,27.6982,46.5199,→ 105°,"41,000"
Wed 02:38:28 AM,27.6767,46.608,→ 105°,"41,000"
Wed 02:38:58 AM,27.6569,46.6887,→ 105°,"41,000"
Wed 02:39:28 AM,27.6375,46.7676,→ 105°,"41,000"
Wed 02:39:58 AM,27.6177,46.8483,→ 105°,"41,000"
Wed 02:40:28 AM,27.5984,46.9262,→ 106°,"41,000"
Wed 02:41:03 AM,27.5757,47.0179,→ 106°,"41,000"
Wed 02:41:33 AM,27.5556,47.0986,→ 106°,"41,000"
Wed 02:42:03 AM,27.5364,47.1756,→ 106°,"41,000"
Wed 02:42:33 AM,27.5159,47.2582,→ 106°,"41,000"
Wed 02:43:03 AM,27.4956,47.3389,→ 106°,"41,000"
Wed 02:43:33 AM,27.4756,47.4185,→ 106°,"41,000"
Wed 02:44:04 AM,27.455,47.5005,→ 106°,"41,000"
Wed 02:44:34 AM,27.435,47.5796,→ 106°,"41,000"
Wed 02:45:04 AM,27.4143,47.6615,→ 106°,"41,000"
Wed 02:45:34 AM,27.3942,47.7406,→ 106°,"41,000"
Wed 02:46:04 AM,27.374,47.82,→ 106°,"41,000"
Wed 02:46:41 AM,27.3485,47.9199,→ 106°,"41,000"
Wed 02:47:20 AM,27.3224,48.0218,→ 106°,"41,000"
Wed 02:47:51 AM,27.3017,48.1023,→ 106°,"41,000"
Wed 02:48:21 AM,27.2814,48.1811,→ 106°,"41,000"
Wed 02:48:51 AM,27.2612,48.2597,→ 106°,"41,000"
Wed 02:49:27 AM,27.2359,48.3573,→ 106°,"41,000"
Wed 02:49:58 AM,27.2151,48.4375,→ 106°,"41,000"
Wed 02:50:28 AM,27.1951,48.5141,→ 106°,"41,000"
Wed 02:51:01 AM,27.173,48.5992,→ 106°,"41,000"
Wed 02:51:45 AM,27.1437,48.7111,→ 106°,"41,000"
Wed 02:52:15 AM,27.123,48.7897,→ 106°,"41,000"
Wed 02:52:45 AM,27.105,48.8726,→ 101°,"41,000"
Wed 02:53:15 AM,27.0958,48.9498,→ 95°,"41,000"
Wed 02:53:51 AM,27.0912,49.049,→ 93°,"41,000"
Wed 02:54:21 AM,27.0872,49.1296,→ 93°,"41,000"
Wed 02:54:59 AM,27.082,49.2336,→ 93°,"41,000"
Wed 02:55:29 AM,27.0782,49.3139,→ 93°,"41,000"
Wed 02:55:59 AM,27.0742,49.3972,→ 93°,"41,000"
Wed 02:56:31 AM,27.0702,49.4802,→ 93°,"41,000"
Wed 02:57:01 AM,27.066,49.5658,→ 93°,"41,000"
Wed 02:57:35 AM,27.0614,49.6576,→ 93°,"41,000"
Wed 02:58:05 AM,27.0572,49.7415,→ 93°,"41,000"
Wed 02:58:35 AM,27.0531,49.8224,→ 93°,"41,000"
Wed 02:59:05 AM,27.0489,49.9043,→ 93°,"41,000"
Wed 02:59:37 AM,27.0454,49.9922,→ 90°,"41,000"
Wed 03:00:07 AM,27.0466,50.0741,→ 89°,"41,025"
Wed 03:00:38 AM,27.0473,50.1568,→ 90°,"41,000"
Wed 03:01:08 AM,27.0474,50.2362,→ 91°,"41,000"
Wed 03:01:55 AM,27.0345,50.3643,→ 100°,"41,000"
Wed 03:02:25 AM,27.0176,50.4425,→ 106°,"41,000"
Wed 03:02:50 AM,26.9987,50.5057,↘ 111°,"41,000"
Wed 03:03:27 AM,26.9651,50.5951,↘ 113°,"41,000"
Wed 03:04:02 AM,26.9321,50.6826,↘ 113°,"41,000"
Wed 03:04:36 AM,26.9006,50.7653,↘ 113°,"41,000"
Wed 03:05:06 AM,26.8722,50.8398,↘ 113°,"41,000"
Wed 03:05:36 AM,26.8437,50.9141,↘ 113°,"41,000"
Wed 03:06:06 AM,26.8158,50.987,↘ 113°,"41,000"
Wed 03:06:38 AM,26.7861,51.0649,↘ 113°,"41,000"
Wed 03:07:09 AM,26.7597,51.1419,→ 109°,"41,000"
Wed 03:07:39 AM,26.7366,51.2154,→ 110°,"41,000"
Wed 03:08:09 AM,26.7122,51.2907,→ 110°,"41,000"
Wed 03:08:40 AM,26.6879,51.3661,→ 110°,"41,000"
Wed 03:09:10 AM,26.6641,51.4401,→ 110°,"41,000"
Wed 03:09:40 AM,26.6406,51.5132,→ 110°,"41,000"
Wed 03:10:11 AM,26.6175,51.5853,→ 110°,"41,000"
Wed 03:10:41 AM,26.5936,51.6593,→ 110°,"41,000"
Wed 03:11:11 AM,26.5704,51.731,→ 110°,"41,000"
Wed 03:11:41 AM,26.5472,51.8025,→ 110°,"41,000"
Wed 03:12:11 AM,26.5238,51.8749,→ 110°,"41,000"
Wed 03:12:44 AM,26.498,51.9533,→ 110°,"41,000"
Wed 03:13:14 AM,26.4737,52.0256,→ 110°,"41,000"
Wed 03:13:48 AM,26.4474,52.1045,→ 110°,"41,000"
Wed 03:14:18 AM,26.4235,52.176,→ 110°,"41,000"
Wed 03:14:48 AM,26.399,52.249,→ 110°,"40,725"
Wed 03:15:19 AM,26.3744,52.3226,→ 110°,"40,250"
Wed 03:15:50 AM,26.3496,52.3964,↘ 111°,"39,725"
Wed 03:16:20 AM,26.3226,52.4689,↘ 114°,"39,250"
Wed 03:16:50 AM,26.2942,52.5402,↘ 114°,"38,450"
Wed 03:17:20 AM,26.2667,52.6105,↘ 113°,"37,325"
Wed 03:17:50 AM,26.2385,52.684,↘ 113°,"36,450"
Wed 03:18:21 AM,26.2119,52.7535,↘ 113°,"35,375"
Wed 03:18:51 AM,26.1853,52.823,↘ 113°,"33,800"
Wed 03:19:21 AM,26.1583,52.8934,↘ 113°,"32,725"
Wed 03:19:51 AM,26.1314,52.9637,↘ 113°,"31,925"
Wed 03:20:21 AM,26.1052,53.0314,↘ 113°,"31,025"
Wed 03:21:00 AM,26.0714,53.1216,↘ 112°,"31,000"
Wed 03:21:31 AM,26.0461,53.1915,↘ 112°,"31,000"
Wed 03:22:01 AM,26.0213,53.2591,↘ 112°,"30,450"
Wed 03:22:31 AM,25.9954,53.3293,↘ 112°,"29,325"
Wed 03:23:01 AM,25.971,53.3952,↘ 112°,"28,400"
Wed 03:23:31 AM,25.9459,53.4631,↘ 112°,"27,775"
Wed 03:24:01 AM,25.9207,53.5315,↘ 112°,"27,275"
Wed 03:24:31 AM,25.8979,53.5983,→ 110°,"26,600"
Wed 03:25:01 AM,25.8758,53.6637,↘ 111°,"26,200"
Wed 03:25:31 AM,25.8545,53.7257,↘ 111°,"25,725"
Wed 03:26:02 AM,25.8345,53.7835,↘ 111°,"25,325"
Wed 03:26:32 AM,25.8158,53.8373,↘ 111°,"25,000"
Wed 03:27:03 AM,25.7961,53.8939,↘ 111°,"25,000"
Wed 03:27:33 AM,25.7779,53.9463,↘ 111°,"25,000"
Wed 03:28:04 AM,25.7579,54.0035,↘ 111°,"24,375"
Wed 03:28:34 AM,25.7397,54.0587,→ 109°,"23,600"
Wed 03:29:07 AM,25.7225,54.1169,→ 108°,"22,775"
Wed 03:29:39 AM,25.7057,54.1727,→ 109°,"21,500"
Wed 03:30:13 AM,25.6876,54.2317,→ 109°,"20,175"
Wed 03:30:45 AM,25.6713,54.2844,→ 109°,"18,900"
Wed 03:31:21 AM,25.6528,54.3444,→ 109°,"17,500"
Wed 03:31:52 AM,25.6371,54.3949,→ 109°,"16,475"
Wed 03:32:22 AM,25.6221,54.4435,→ 109°,"15,850"
Wed 03:32:52 AM,25.6081,54.4881,→ 109°,"15,125"
Wed 03:33:22 AM,25.5941,54.5331,→ 109°,"14,000"
Wed 03:33:50 AM,25.5811,54.5753,→ 107°,"13,300"
Wed 03:34:06 AM,25.577,54.5995,→ 96°,"13,100"
Wed 03:34:36 AM,25.5738,54.6462,→ 96°,"12,725"
Wed 03:35:07 AM,25.5699,54.6909,→ 95°,"12,400"
Wed 03:35:37 AM,25.5665,54.7352,→ 94°,"12,050"
Wed 03:36:10 AM,25.5633,54.7836,→ 94°,"11,675"
Wed 03:36:40 AM,25.5603,54.8276,→ 94°,"11,325"
Wed 03:37:11 AM,25.5573,54.8711,→ 94°,"10,975"
Wed 03:37:41 AM,25.5544,54.914,→ 94°,"10,625"
Wed 03:38:11 AM,25.5514,54.9582,→ 94°,"10,275"
Wed 03:38:50 AM,25.5475,55.0153,→ 94°,"10,200"
Wed 03:39:07 AM,25.5436,55.0393,↘ 111°,"10,125"
Wed 03:39:35 AM,25.5258,55.0744,↘ 121°,"9,600"
Wed 03:40:05 AM,25.5042,55.115,↘ 120°,"9,075"
Wed 03:40:35 AM,25.4846,55.1527,↘ 120°,"8,575"
Wed 03:41:05 AM,25.4646,55.1913,↘ 120°,"8,200"
Wed 03:41:23 AM,25.4496,55.2129,↘ 132°,"8,200"
Wed 03:41:39 AM,25.435,55.2303,↘ 133°,"8,200"
Wed 03:42:12 AM,25.4078,55.2634,↘ 132°,"8,200"
Wed 03:42:42 AM,25.383,55.2941,↘ 132°,"8,200"
Wed 03:42:58 AM,25.3695,55.3108,↘ 132°,"8,075"
Wed 03:43:21 AM,25.351,55.3361,↘ 124°,"7,450"
Wed 03:43:44 AM,25.337,55.362,↘ 121°,"6,900"
Wed 03:44:00 AM,25.327,55.3802,↘ 122°,"6,600"
Wed 03:44:31 AM,25.3064,55.4168,↘ 122°,"6,125"
Wed 03:44:47 AM,25.2959,55.4356,↘ 122°,"5,925"
Wed 03:45:03 AM,25.2868,55.452,↘ 122°,"5,750"
Wed 03:45:28 AM,25.2726,55.4773,↘ 122°,"5,200"
Wed 03:45:44 AM,25.2631,55.4944,↘ 121°,"4,750"
Wed 03:46:09 AM,25.249,55.5199,↘ 122°,"4,050"
Wed 03:46:39 AM,25.232,55.5501,↘ 122°,"3,525"
Wed 03:47:09 AM,25.2164,55.5783,↘ 121°,"3,250"
Wed 03:47:29 AM,25.2028,55.5938,↓ 156°,"3,050"
Wed 03:47:45 AM,25.1894,55.5952,↓ 194°,"2,850"
Wed 03:48:17 AM,25.1623,55.5786,↙ 222°,"2,475"
Wed 03:48:34 AM,25.1548,55.5655,↙ 241°,"2,325"
Wed 03:48:54 AM,25.1544,55.5445,← 282°,"2,200"
Wed 03:49:10 AM,25.1601,55.5315,← 300°,"2,175"
Wed 03:49:33 AM,25.1709,55.5118,← 302°,"2,225"
Wed 03:49:57 AM,25.1822,55.4916,← 301°,"2,100"
Wed 03:50:27 AM,25.1942,55.4701,← 301°,"1,675"